nombre,valor,link
Tps Mazda 626 Milenium 2.0 2000,80.000,https://www.carlider.co/MCO-1551527299-tps-mazda-626-milenium-20-2000-_JM#polycard_client=search-nordic-mshops&position=1&search_layout=stack&type=item&tracking_id=d525fd61-e095-4ebb-9548-146358e57218&wid=MCO1551527299&sid=search
Base Soporte Espiral Amortiguador Trasero Mazda 323 87,30.000,https://www.carlider.co/MCO-2855455856-base-soporte-espiral-amortiguador-trasero-mazda-323-87-_JM#polycard_client=search-nordic-mshops&position=2&search_layout=stack&type=item&tracking_id=d525fd61-e095-4ebb-9548-146358e57218&wid=MCO2855455856&sid=search
Asiento Silla Delantero Derecha Mazda 3 2005 2.0 At,200.000,https://www.carlider.co/MCO-1544045171-asiento-silla-delantero-derecha-mazda-3-2005-20-at-_JM#polycard_client=search-nordic-mshops&position=3&search_layout=stack&type=item&tracking_id=d525fd61-e095-4ebb-9548-146358e57218&wid=MCO1544045171&sid=search
Correa De Tiempo Distribucion Mazda 626 2000 2.0 At,50.000,https://www.carlider.co/MCO-1516145707-correa-de-tiempo-distribucion-mazda-626-2000-20-at-_JM#polycard_client=search-nordic-mshops&position=4&search_layout=stack&type=item&tracking_id=d525fd61-e095-4ebb-9548-146358e57218&wid=MCO1516145707&sid=search
Ramal Electrico Carroceria Principal Mazda 626 2000 2.0 At,180.000,https://www.carlider.co/MCO-2765115964-ramal-electrico-carroceria-principal-mazda-626-2000-20-at-_JM#polycard_client=search-nordic-mshops&position=5&search_layout=stack&type=item&tracking_id=d525fd61-e095-4ebb-9548-146358e57218&wid=MCO2765115964&sid=search
Cinturon Delantero Izquierdo Conductor Mazda 626 2000 2.0 At,80.000,https://www.carlider.co/MCO-1515902451-cinturon-delantero-izquierdo-conductor-mazda-626-2000-20-at-_JM#polycard_client=search-nordic-mshops&position=6&search_layout=stack&type=item&tracking_id=d525fd61-e095-4ebb-9548-146358e57218&wid=MCO1515902451&sid=search
Mordaza Trasera Derecha Mazda 3 2005 2.0 At,190.000,https://www.carlider.co/MCO-2818348654-mordaza-trasera-derecha-mazda-3-2005-20-at-_JM#polycard_client=search-nordic-mshops&position=7&search_layout=stack&type=item&tracking_id=d525fd61-e095-4ebb-9548-146358e57218&wid=MCO2818348654&sid=search
Switche Interruptor Sensor Apertura Puerta Mazda 626 00 2.0,25.000,https://www.carlider.co/MCO-2765349318-switche-interruptor-sensor-apertura-puerta-mazda-626-00-20-_JM#polycard_client=search-nordic-mshops&position=8&search_layout=stack&type=item&tracking_id=d525fd61-e095-4ebb-9548-146358e57218&wid=MCO2765349318&sid=search
Tarro Aceite Hidraulico Direccion Tapa Mazda 626 2000 2.0 At,80.000,https://www.carlider.co/MCO-2765333350-tarro-aceite-hidraulico-direccion-tapa-mazda-626-2000-20-at-_JM#polycard_client=search-nordic-mshops&position=9&search_layout=stack&type=item&tracking_id=d525fd61-e095-4ebb-9548-146358e57218&wid=MCO2765333350&sid=search
Piñon Cigueñal Correa De Tiempo Mazda 626 2000 2.0 At,80.000,https://www.carlider.co/MCO-1516073905-pinon-ciguenal-correa-de-tiempo-mazda-626-2000-20-at-_JM#polycard_client=search-nordic-mshops&position=10&search_layout=stack&type=item&tracking_id=d525fd61-e095-4ebb-9548-146358e57218&wid=MCO1516073905&sid=search
Barra Caja De Direccion Hidraulica Mazda 3 2005 2.0 At,350.000,https://www.carlider.co/MCO-2819985734-barra-caja-de-direccion-hidraulica-mazda-3-2005-20-at-_JM#polycard_client=search-nordic-mshops&position=11&search_layout=stack&type=item&tracking_id=d525fd61-e095-4ebb-9548-146358e57218&wid=MCO2819985734&sid=search
Cuerpo De Aceleración Mariposa Mazda 626 2000 2.0 At,70.000,https://www.carlider.co/MCO-2767254094-cuerpo-de-aceleracion-mariposa-mazda-626-2000-20-at-_JM#polycard_client=search-nordic-mshops&position=12&search_layout=stack&type=item&tracking_id=d525fd61-e095-4ebb-9548-146358e57218&wid=MCO2767254094&sid=search
Cobertor Paral Delantero Izq Mazda 626 2000 2.0 At,40.000,https://www.carlider.co/MCO-1516068407-cobertor-paral-delantero-izq-mazda-626-2000-20-at-_JM#polycard_client=search-nordic-mshops&position=13&search_layout=stack&type=item&tracking_id=d525fd61-e095-4ebb-9548-146358e57218&wid=MCO1516068407&sid=search
Empaque Puerta Delantera Izquierda Mazda 626 2000 2.0 At,50.000,https://www.carlider.co/MCO-2765194848-empaque-puerta-delantera-izquierda-mazda-626-2000-20-at-_JM#polycard_client=search-nordic-mshops&position=14&search_layout=stack&type=item&tracking_id=d525fd61-e095-4ebb-9548-146358e57218&wid=MCO2765194848&sid=search
Mordaza De Freno Derecha Delantera Mazda 626 2000 2.0 At,140.000,https://www.carlider.co/MCO-1515904445-mordaza-de-freno-derecha-delantera-mazda-626-2000-20-at-_JM#polycard_client=search-nordic-mshops&position=15&search_layout=stack&type=item&tracking_id=d525fd61-e095-4ebb-9548-146358e57218&wid=MCO1515904445&sid=search
Motor De Arranque Mazda 626 2000 2.0 At,200.000,https://www.carlider.co/MCO-1515888917-motor-de-arranque-mazda-626-2000-20-at-_JM#polycard_client=search-nordic-mshops&position=16&search_layout=stack&type=item&tracking_id=d525fd61-e095-4ebb-9548-146358e57218&wid=MCO1515888917&sid=search
Relay Flasher Direccionales Estacionarias Mazda 626 2000 2.0,30.000,https://www.carlider.co/MCO-1515866489-relay-flasher-direccionales-estacionarias-mazda-626-2000-20-_JM#polycard_client=search-nordic-mshops&position=17&search_layout=stack&type=item&tracking_id=d525fd61-e095-4ebb-9548-146358e57218&wid=MCO1515866489&sid=search
Biela Con Piston Mazda 626 2000 2.0 At,60.000,https://www.carlider.co/MCO-2765529450-biela-con-piston-mazda-626-2000-20-at-_JM#polycard_client=search-nordic-mshops&position=18&search_layout=stack&type=item&tracking_id=d525fd61-e095-4ebb-9548-146358e57218&wid=MCO2765529450&sid=search
Barra Estabilizadora Trasera Mazda 3 2005 2.0 At,200.000,https://www.carlider.co/MCO-2819933862-barra-estabilizadora-trasera-mazda-3-2005-20-at-_JM#polycard_client=search-nordic-mshops&position=19&search_layout=stack&type=item&tracking_id=d525fd61-e095-4ebb-9548-146358e57218&wid=MCO2819933862&sid=search
Cobertor Tapa Espejo Retrovisor Dere Interior Mazda 626 2.0,35.000,https://www.carlider.co/MCO-2765387158-cobertor-tapa-espejo-retrovisor-dere-interior-mazda-626-20-_JM#polycard_client=search-nordic-mshops&position=20&search_layout=stack&type=item&tracking_id=d525fd61-e095-4ebb-9548-146358e57218&wid=MCO2765387158&sid=search
Instalación Eléc Ramal Principal Carrocería Cabina Mazda 3,480.000,https://www.carlider.co/MCO-2818532098-instalacion-elec-ramal-principal-carroceria-cabina-mazda-3-_JM#polycard_client=search-nordic-mshops&position=21&search_layout=stack&type=item&tracking_id=d525fd61-e095-4ebb-9548-146358e57218&wid=MCO2818532098&sid=search
Ramal Electr Moto De Arranque Alternador Mazda 626 2000 2.0,100.000,https://www.carlider.co/MCO-1515879085-ramal-electr-moto-de-arranque-alternador-mazda-626-2000-20-_JM#polycard_client=search-nordic-mshops&position=22&search_layout=stack&type=item&tracking_id=d525fd61-e095-4ebb-9548-146358e57218&wid=MCO1515879085&sid=search
Chapa Cerradura Puerta Delantera Der Con Guayas Mazda 3 2005,200.000,https://www.carlider.co/MCO-2816589408-chapa-cerradura-puerta-delantera-der-con-guayas-mazda-3-2005-_JM#polycard_client=search-nordic-mshops&position=23&search_layout=stack&type=item&tracking_id=d525fd61-e095-4ebb-9548-146358e57218&wid=MCO2816589408&sid=search
Rejilla Central Aire Interi Cabina Delant Mazda 626 2000 2.0,80.000,https://www.carlider.co/MCO-2765340234-rejilla-central-aire-interi-cabina-delant-mazda-626-2000-20-_JM#polycard_client=search-nordic-mshops&position=24&search_layout=stack&type=item&tracking_id=d525fd61-e095-4ebb-9548-146358e57218&wid=MCO2765340234&sid=search
Precarter Motor Mazda 626 2000 2.0 At,100.000,https://www.carlider.co/MCO-1516148205-precarter-motor-mazda-626-2000-20-at-_JM#polycard_client=search-nordic-mshops&position=25&search_layout=stack&type=item&tracking_id=d525fd61-e095-4ebb-9548-146358e57218&wid=MCO1516148205&sid=search
Cobertor Consola Central Portavasos Mazda 626 2000 2.0 At,100.000,https://www.carlider.co/MCO-2765362158-cobertor-consola-central-portavasos-mazda-626-2000-20-at-_JM#polycard_client=search-nordic-mshops&position=26&search_layout=stack&type=item&tracking_id=d525fd61-e095-4ebb-9548-146358e57218&wid=MCO2765362158&sid=search
Seguro Tapa Gasolina Exterior Mazda 626 2000 2.0 At,30.000,https://www.carlider.co/MCO-2765355772-seguro-tapa-gasolina-exterior-mazda-626-2000-20-at-_JM#polycard_client=search-nordic-mshops&position=27&search_layout=stack&type=item&tracking_id=d525fd61-e095-4ebb-9548-146358e57218&wid=MCO2765355772&sid=search
Porta Magueta Delant Dere Con Rodamiento Mazda 626 00 2.0 At,150.000,https://www.carlider.co/MCO-1516065201-porta-magueta-delant-dere-con-rodamiento-mazda-626-00-20-at-_JM#polycard_client=search-nordic-mshops&position=28&search_layout=stack&type=item&tracking_id=d525fd61-e095-4ebb-9548-146358e57218&wid=MCO1516065201&sid=search
Ducto Tubo De Agua Motor Mazda 626 2000 2.0 At,30.000,https://www.carlider.co/MCO-1516158781-ducto-tubo-de-agua-motor-mazda-626-2000-20-at-_JM#polycard_client=search-nordic-mshops&position=29&search_layout=stack&type=item&tracking_id=d525fd61-e095-4ebb-9548-146358e57218&wid=MCO1516158781&sid=search
Solenoide Gases Canister Vacio Con Manguera Mazda 3 2005,40.000,https://www.carlider.co/MCO-1543506581-solenoide-gases-canister-vacio-con-manguera-mazda-3-2005-_JM#polycard_client=search-nordic-mshops&position=30&search_layout=stack&type=item&tracking_id=d525fd61-e095-4ebb-9548-146358e57218&wid=MCO1543506581&sid=search
Cobertor Manija Interior Izq Mazda 626 2000 2.0 At,30.000,https://www.carlider.co/MCO-2765368984-cobertor-manija-interior-izq-mazda-626-2000-20-at-_JM#polycard_client=search-nordic-mshops&position=31&search_layout=stack&type=item&tracking_id=d525fd61-e095-4ebb-9548-146358e57218&wid=MCO2765368984&sid=search
Bisel Cobertor Switche Elevavidrios Mazda 626 2000 2.0 At,35.000,https://www.carlider.co/MCO-2765375306-bisel-cobertor-switche-elevavidrios-mazda-626-2000-20-at-_JM#polycard_client=search-nordic-mshops&position=32&search_layout=stack&type=item&tracking_id=d525fd61-e095-4ebb-9548-146358e57218&wid=MCO2765375306&sid=search
Válvula Egr Mazda 3 2005 2.0 At,150.000,https://www.carlider.co/MCO-1543402889-valvula-egr-mazda-3-2005-20-at-_JM#polycard_client=search-nordic-mshops&position=33&search_layout=stack&type=item&tracking_id=d525fd61-e095-4ebb-9548-146358e57218&wid=MCO1543402889&sid=search
Gaveta Cajuela Guantera Central Mazda 3 2005 2.0 At,180.000,https://www.carlider.co/MCO-1543954453-gaveta-cajuela-guantera-central-mazda-3-2005-20-at-_JM#polycard_client=search-nordic-mshops&position=34&search_layout=stack&type=item&tracking_id=d525fd61-e095-4ebb-9548-146358e57218&wid=MCO1543954453&sid=search
Manguera Tanque De Gasolina Mazda 3 2005 2.0 At,60.000,https://www.carlider.co/MCO-2816795690-manguera-tanque-de-gasolina-mazda-3-2005-20-at-_JM#polycard_client=search-nordic-mshops&position=35&search_layout=stack&type=item&tracking_id=d525fd61-e095-4ebb-9548-146358e57218&wid=MCO2816795690&sid=search
Brazo Motor Limpiaparabrisas Delantero Mazda 626 2000 2.0 At,100.000,https://www.carlider.co/MCO-2765119244-brazo-motor-limpiaparabrisas-delantero-mazda-626-2000-20-at-_JM#polycard_client=search-nordic-mshops&position=36&search_layout=stack&type=item&tracking_id=d525fd61-e095-4ebb-9548-146358e57218&wid=MCO2765119244&sid=search
Carter De Motor Mazda 626 2000 2.0 At,80.000,https://www.carlider.co/MCO-1516098831-carter-de-motor-mazda-626-2000-20-at-_JM#polycard_client=search-nordic-mshops&position=37&search_layout=stack&type=item&tracking_id=d525fd61-e095-4ebb-9548-146358e57218&wid=MCO1516098831&sid=search
Manija Exterior Puerta Delantera Izquierda Mazda 626 2000,70.000,https://www.carlider.co/MCO-2765330198-manija-exterior-puerta-delantera-izquierda-mazda-626-2000-_JM#polycard_client=search-nordic-mshops&position=38&search_layout=stack&type=item&tracking_id=d525fd61-e095-4ebb-9548-146358e57218&wid=MCO2765330198&sid=search
Chapa Cerradura Puerta Delantera Izq Con Guaya Mazda 3 2005,200.000,https://www.carlider.co/MCO-2816576476-chapa-cerradura-puerta-delantera-izq-con-guaya-mazda-3-2005-_JM#polycard_client=search-nordic-mshops&position=39&search_layout=stack&type=item&tracking_id=d525fd61-e095-4ebb-9548-146358e57218&wid=MCO2816576476&sid=search
Varilla Medidor De Aceite Motor Mazda 626 2000 2.0 At,50.000,https://www.carlider.co/MCO-1516156723-varilla-medidor-de-aceite-motor-mazda-626-2000-20-at-_JM#polycard_client=search-nordic-mshops&position=40&search_layout=stack&type=item&tracking_id=d525fd61-e095-4ebb-9548-146358e57218&wid=MCO1516156723&sid=search
Bisel Cobertor Switche Elevavidrios Delant Der Mazda 3 2005,70.000,https://www.carlider.co/MCO-1544006561-bisel-cobertor-switche-elevavidrios-delant-der-mazda-3-2005-_JM#polycard_client=search-nordic-mshops&position=41&search_layout=stack&type=item&tracking_id=d525fd61-e095-4ebb-9548-146358e57218&wid=MCO1544006561&sid=search
Guaya Apertura Puerta Maleta Mazda 3 2005 2.0 At,80.000,https://www.carlider.co/MCO-1544045443-guaya-apertura-puerta-maleta-mazda-3-2005-20-at-_JM#polycard_client=search-nordic-mshops&position=42&search_layout=stack&type=item&tracking_id=d525fd61-e095-4ebb-9548-146358e57218&wid=MCO1544045443&sid=search
Chapa Cerradura Seguro Capo Mazda 626 2000 2.0 At,70.000,https://www.carlider.co/MCO-2765182048-chapa-cerradura-seguro-capo-mazda-626-2000-20-at-_JM#polycard_client=search-nordic-mshops&position=43&search_layout=stack&type=item&tracking_id=d525fd61-e095-4ebb-9548-146358e57218&wid=MCO2765182048&sid=search
Stop Luz Reversa Puerta Maleta Izq  Mazda 3 2005 2.0 At,180.000,https://www.carlider.co/MCO-1548112841-stop-luz-reversa-puerta-maleta-izq-mazda-3-2005-20-at-_JM#polycard_client=search-nordic-mshops&position=44&search_layout=stack&type=item&tracking_id=d525fd61-e095-4ebb-9548-146358e57218&wid=MCO1548112841&sid=search
Motor Motoventilador Interior Aire Cabina Mazda 626 2000 2.0,80.000,https://www.carlider.co/MCO-2765291188-motor-motoventilador-interior-aire-cabina-mazda-626-2000-20-_JM#polycard_client=search-nordic-mshops&position=45&search_layout=stack&type=item&tracking_id=d525fd61-e095-4ebb-9548-146358e57218&wid=MCO2765291188&sid=search
Porta Magueta Derecha Con Rodamiento Mazda 3 2005 2.0 At,240.000,https://www.carlider.co/MCO-2819907084-porta-magueta-derecha-con-rodamiento-mazda-3-2005-20-at-_JM#polycard_client=search-nordic-mshops&position=46&search_layout=stack&type=item&tracking_id=d525fd61-e095-4ebb-9548-146358e57218&wid=MCO2819907084&sid=search
Platina Soporte Amortiguador Delantero Mazda 3 2005 2.0 At,80.000,https://www.carlider.co/MCO-2819946112-platina-soporte-amortiguador-delantero-mazda-3-2005-20-at-_JM#polycard_client=search-nordic-mshops&position=47&search_layout=stack&type=item&tracking_id=d525fd61-e095-4ebb-9548-146358e57218&wid=MCO2819946112&sid=search
Tapa Tarro Deposito Liquido De Freno Mazda 3 2005 2.0 At,70.000,https://www.carlider.co/MCO-2818478500-tapa-tarro-deposito-liquido-de-freno-mazda-3-2005-20-at-_JM#polycard_client=search-nordic-mshops&position=48&search_layout=stack&type=item&tracking_id=d525fd61-e095-4ebb-9548-146358e57218&wid=MCO2818478500&sid=search
Sensor Abs Trasero Mazda 3 2005 2.0 At,80.000,https://www.carlider.co/MCO-2818621414-sensor-abs-trasero-mazda-3-2005-20-at-_JM#polycard_client=search-nordic-mshops&position=49&search_layout=stack&type=item&tracking_id=d525fd61-e095-4ebb-9548-146358e57218&wid=MCO2818621414&sid=search
Empaque Puerta Trasera Delantera Mazda 3 2005 2.0 At,120.000,https://www.carlider.co/MCO-2823227208-empaque-puerta-trasera-delantera-mazda-3-2005-20-at-_JM#polycard_client=search-nordic-mshops&position=50&search_layout=stack&type=item&tracking_id=d525fd61-e095-4ebb-9548-146358e57218&wid=MCO2823227208&sid=search
